{"cameraMode":{"drawMode":0,"name":"Shaded","section":"Shading Mode"},"sceneLighting":true,"audioPlay":false,"sceneViewState":{"m_AlwaysRefresh":false,"showFog":true,"showSkybox":true,"showFlares":true,"showImageEffects":true,"showParticleSystems":true,"showVisualEffectGraphs":true,"m_FxEnabled":true},"in2DMode":false,"pivot":{"x":-0.24013018608093263,"y":1.1260091066360474,"z":-0.5291539430618286},"rotation":{"x":-0.002159697003662586,"y":-0.9976993203163147,"z":0.05573912709951401,"w":-0.03863910958170891},"size":0.8031730055809021,"orthographic":false}