{"cameraMode":{"drawMode":0,"name":"Shaded","section":"Shading Mode"},"sceneLighting":true,"audioPlay":false,"sceneViewState":{"m_AlwaysRefresh":false,"showFog":true,"showSkybox":true,"showFlares":true,"showImageEffects":true,"showParticleSystems":true,"showVisualEffectGraphs":true,"m_FxEnabled":true},"in2DMode":false,"pivot":{"x":0.0939720869064331,"y":2.5048234462738039,"z":9.490032196044922},"rotation":{"x":-0.05840909481048584,"y":-0.9383702874183655,"z":0.19736765325069428,"w":-0.27768203616142275},"size":6.358498573303223,"orthographic":false}