{"cameraMode":{"drawMode":0,"name":"Shaded","section":"Shading Mode"},"sceneLighting":true,"audioPlay":false,"sceneViewState":{"m_AlwaysRefresh":false,"showFog":true,"showSkybox":true,"showFlares":true,"showImageEffects":true,"showParticleSystems":true,"showVisualEffectGraphs":true,"m_FxEnabled":true},"in2DMode":false,"pivot":{"x":-21.124401092529298,"y":4.031608581542969,"z":-7.7383551597595219},"rotation":{"x":-0.019949795678257943,"y":0.9799548387527466,"z":-0.14691321551799775,"w":-0.1331208199262619},"size":2.0214922428131105,"orthographic":false}