{"cameraMode":{"drawMode":0,"name":"Shaded","section":"Shading Mode"},"sceneLighting":true,"audioPlay":false,"sceneViewState":{"m_AlwaysRefresh":false,"showFog":true,"showSkybox":true,"showFlares":true,"showImageEffects":true,"showParticleSystems":true,"showVisualEffectGraphs":true,"m_FxEnabled":true},"in2DMode":false,"pivot":{"x":-0.06711408495903015,"y":0.571794331073761,"z":-0.21090877056121827},"rotation":{"x":0.22340665757656098,"y":-0.004391356371343136,"z":0.001007264363579452,"w":0.9747182726860046},"size":1.4617195129394532,"orthographic":false}