{"cameraMode":{"drawMode":0,"name":"Shaded","section":"Shading Mode"},"sceneLighting":true,"audioPlay":false,"sceneViewState":{"m_AlwaysRefresh":false,"showFog":true,"showSkybox":true,"showFlares":true,"showImageEffects":true,"showParticleSystems":true,"showVisualEffectGraphs":true,"m_FxEnabled":true},"in2DMode":false,"pivot":{"x":-1.626552700996399,"y":18.188629150390626,"z":-23.572900772094728},"rotation":{"x":-0.4120355546474457,"y":-0.02132280357182026,"z":0.009641616605222226,"w":-0.9108713865280151},"size":6.695572376251221,"orthographic":false}